;; Object font-utils
;; EIEIO PERSISTENT OBJECT
(pcache-repository "font-utils"
  :file "font-utils"
  :version "0.4"
  :entries #s(hash-table size 65 test eql rehash-size 1.5 rehash-threshold 0.8 data (checksum-w:mac-h:localhost-e:24\.5\.1-l:0\.7\.8 [object pcache-entry "pcache-entry" 1467731527.386393 7776000 "685094f476119005aec64cd7e6092c9b" nil] font-names-w:mac-h:localhost-e:24\.5\.1-l:0\.7\.8 [object pcache-entry "pcache-entry" 1467731527.386506 7776000 #s(hash-table size 1390 test equal rehash-size 1.5 rehash-threshold 0.8 data ("ACROPOLIS" "Acropolis" "AL BAYAN" "Al Bayan" "ALBAYAN" "Al Bayan" "AL_BAYAN" "Al Bayan" "AL-BAYAN" "Al Bayan" "AL NILE" "Al Nile" "ALNILE" "Al Nile" "AL_NILE" "Al Nile" "AL-NILE" "Al Nile" "AL TARIKH" "Al Tarikh" "ALTARIKH" "Al Tarikh" "AL_TARIKH" "Al Tarikh" "AL-TARIKH" "Al Tarikh" "AMERICAN TYPEWRITER" "American Typewriter" "AMERICANTYPEWRITER" "American Typewriter" "AMERICAN_TYPEWRITER" "American Typewriter" "AMERICAN-TYPEWRITER" "American Typewriter" "ANDALE MONO" "Andale Mono" "ANDALEMONO" "Andale Mono" "ANDALE_MONO" "Andale Mono" "ANDALE-MONO" "Andale Mono" "APPELLATION" "Appellation" "APPLE BRAILLE" "Apple Braille" "APPLEBRAILLE" "Apple Braille" "APPLE_BRAILLE" "Apple Braille" "APPLE-BRAILLE" "Apple Braille" "APPLE CHANCERY" "Apple Chancery" "APPLECHANCERY" "Apple Chancery" "APPLE_CHANCERY" "Apple Chancery" "APPLE-CHANCERY" "Apple Chancery" "APPLE COLOR EMOJI" "Apple Color Emoji" "APPLECOLOREMOJI" "Apple Color Emoji" "APPLE_COLOR_EMOJI" "Apple Color Emoji" "APPLE-COLOR-EMOJI" "Apple Color Emoji" "APPLE SD GOTHIC NEO" "Apple SD Gothic Neo" "APPLESDGOTHICNEO" "Apple SD Gothic Neo" "APPLE_SD_GOTHIC_NEO" "Apple SD Gothic Neo" "APPLE-SD-GOTHIC-NEO" "Apple SD Gothic Neo" "APPLE SYMBOLS" "Apple Symbols" "APPLESYMBOLS" "Apple Symbols" "APPLE_SYMBOLS" "Apple Symbols" "APPLE-SYMBOLS" "Apple Symbols" "APPLEGOTHIC" "AppleGothic" "APPLE GOTHIC" "AppleGothic" "APPLE_GOTHIC" "AppleGothic" "APPLE-GOTHIC" "AppleGothic" "APPLEMYUNGJO" "AppleMyungjo" "APPLE MYUNGJO" "AppleMyungjo" "APPLE_MYUNGJO" "AppleMyungjo" "APPLE-MYUNGJO" "AppleMyungjo" "ARCHER" "Archer" "ARIAL" "Arial" "ARIAL BLACK" "Arial Black" "ARIALBLACK" "Arial Black" "ARIAL_BLACK" "Arial Black" "ARIAL-BLACK" "Arial Black" "ARIAL HEBREW" "Arial Hebrew" "ARIALHEBREW" "Arial Hebrew" "ARIAL_HEBREW" "Arial Hebrew" "ARIAL-HEBREW" "Arial Hebrew" "ARIAL HEBREW SCHOLAR" "Arial Hebrew Scholar" "ARIALHEBREWSCHOLAR" "Arial Hebrew Scholar" "ARIAL_HEBREW_SCHOLAR" "Arial Hebrew Scholar" "ARIAL-HEBREW-SCHOLAR" "Arial Hebrew Scholar" "ARIAL NARROW" "Arial Narrow" "ARIALNARROW" "Arial Narrow" "ARIAL_NARROW" "Arial Narrow" "ARIAL-NARROW" "Arial Narrow" "ARIAL ROUNDED MT BOLD" "Arial Rounded MT Bold" "ARIALROUNDEDMTBOLD" "Arial Rounded MT Bold" "ARIAL_ROUNDED_MT_BOLD" "Arial Rounded MT Bold" "ARIAL-ROUNDED-MT-BOLD" "Arial Rounded MT Bold" "ARIAL UNICODE MS" "Arial Unicode MS" "ARIALUNICODEMS" "Arial Unicode MS" "ARIAL_UNICODE_MS" "Arial Unicode MS" "ARIAL-UNICODE-MS" "Arial Unicode MS" "ATHELAS" "Athelas" "AVENIR" "Avenir" "AVENIR NEXT" "Avenir Next" "AVENIRNEXT" "Avenir Next" "AVENIR_NEXT" "Avenir Next" "AVENIR-NEXT" "Avenir Next" "AVENIR NEXT CONDENSED" "Avenir Next Condensed" "AVENIRNEXTCONDENSED" "Avenir Next Condensed" "AVENIR_NEXT_CONDENSED" "Avenir Next Condensed" "AVENIR-NEXT-CONDENSED" "Avenir Next Condensed" "AYUTHAYA" "Ayuthaya" "BAGHDAD" "Baghdad" "BANGLA MN" "Bangla MN" "BANGLAMN" "Bangla MN" "BANGLA_MN" "Bangla MN" "BANGLA-MN" "Bangla MN" "BANGLA SANGAM MN" "Bangla Sangam MN" "BANGLASANGAMMN" "Bangla Sangam MN" "BANGLA_SANGAM_MN" "Bangla Sangam MN" "BANGLA-SANGAM-MN" "Bangla Sangam MN" "BAOLI SC" "Baoli SC" "BAOLISC" "Baoli SC" "BAOLI_SC" "Baoli SC" "BAOLI-SC" "Baoli SC" "BASKERVILLE" "Baskerville" "BEIRUT" "Beirut" "BIG CASLON" "Big Caslon" "BIGCASLON" "Big Caslon" "BIG_CASLON" "Big Caslon" "BIG-CASLON" "Big Caslon" "BODONI 72" "Bodoni 72" "BODONI72" "Bodoni 72" "BODONI_72" "Bodoni 72" "BODONI-72" "Bodoni 72" "BODONI 72 OLDSTYLE" "Bodoni 72 Oldstyle" "BODONI72OLDSTYLE" "Bodoni 72 Oldstyle" "BODONI_72_OLDSTYLE" "Bodoni 72 Oldstyle" "BODONI-72-OLDSTYLE" "Bodoni 72 Oldstyle" "BODONI 72 SMALLCAPS" "Bodoni 72 Smallcaps" "BODONI72SMALLCAPS" "Bodoni 72 Smallcaps" "BODONI_72_SMALLCAPS" "Bodoni 72 Smallcaps" "BODONI-72-SMALLCAPS" "Bodoni 72 Smallcaps" "BODONI ORNAMENTS" "Bodoni Ornaments" "BODONIORNAMENTS" "Bodoni Ornaments" "BODONI_ORNAMENTS" "Bodoni Ornaments" "BODONI-ORNAMENTS" "Bodoni Ornaments" "BRADLEY HAND" "Bradley Hand" "BRADLEYHAND" "Bradley Hand" "BRADLEY_HAND" "Bradley Hand" "BRADLEY-HAND" "Bradley Hand" "BRUSH SCRIPT MT" "Brush Script MT" "BRUSHSCRIPTMT" "Brush Script MT" "BRUSH_SCRIPT_MT" "Brush Script MT" "BRUSH-SCRIPT-MT" "Brush Script MT" "CHALKBOARD" "Chalkboard" "CHALKBOARD SE" "Chalkboard SE" "CHALKBOARDSE" "Chalkboard SE" "CHALKBOARD_SE" "Chalkboard SE" "CHALKBOARD-SE" "Chalkboard SE" "CHALKDUSTER" "Chalkduster" "CHAMPION" "Champion" "CHARTER" "Charter" "COCHIN" "Cochin" "COMIC SANS MS" "Comic Sans MS" "COMICSANSMS" "Comic Sans MS" "COMIC_SANS_MS" "Comic Sans MS" "COMIC-SANS-MS" "Comic Sans MS" "COPPERPLATE" "Copperplate" "CORSIVA HEBREW" "Corsiva Hebrew" "CORSIVAHEBREW" "Corsiva Hebrew" "CORSIVA_HEBREW" "Corsiva Hebrew" "CORSIVA-HEBREW" "Corsiva Hebrew" "COURIER" "Courier" "COURIER NEW" "Courier New" "COURIERNEW" "Courier New" "COURIER_NEW" "Courier New" "COURIER-NEW" "Courier New" "COURIER PRIME" "Courier Prime" "COURIERPRIME" "Courier Prime" "COURIER_PRIME" "Courier Prime" "COURIER-PRIME" "Courier Prime" "CYCLONE" "Cyclone" "DIN ALTERNATE" "DIN Alternate" "DINALTERNATE" "DIN Alternate" "DIN_ALTERNATE" "DIN Alternate" "DIN-ALTERNATE" "DIN Alternate" "DIN CONDENSED" "DIN Condensed" "DINCONDENSED" "DIN Condensed" "DIN_CONDENSED" "DIN Condensed" "DIN-CONDENSED" "DIN Condensed" "DAMASCUS" "Damascus" "DECOTYPE NASKH" "DecoType Naskh" "DECOTYPENASKH" "DecoType Naskh" "DECOTYPE_NASKH" "DecoType Naskh" "DECOTYPE-NASKH" "DecoType Naskh" "DECO TYPE NASKH" "DecoType Naskh" "DECO_TYPE_NASKH" "DecoType Naskh" "DECO-TYPE-NASKH" "DecoType Naskh" "DEJAVU SANS" "DejaVu Sans" "DEJAVUSANS" "DejaVu Sans" "DEJAVU_SANS" "DejaVu Sans" "DEJAVU-SANS" "DejaVu Sans" "DEJA VU SANS" "DejaVu Sans" "DEJA_VU_SANS" "DejaVu Sans" "DEJA-VU-SANS" "DejaVu Sans" "DEJAVU SANS MONO" "DejaVu Sans Mono" "DEJAVUSANSMONO" "DejaVu Sans Mono" "DEJAVU_SANS_MONO" "DejaVu Sans Mono" "DEJAVU-SANS-MONO" "DejaVu Sans Mono" "DEJA VU SANS MONO" "DejaVu Sans Mono" "DEJA_VU_SANS_MONO" "DejaVu Sans Mono" "DEJA-VU-SANS-MONO" "DejaVu Sans Mono" "DEJAVU SERIF" "DejaVu Serif" "DEJAVUSERIF" "DejaVu Serif" "DEJAVU_SERIF" "DejaVu Serif" "DEJAVU-SERIF" "DejaVu Serif" "DEJA VU SERIF" "DejaVu Serif" "DEJA_VU_SERIF" "DejaVu Serif" "DEJA-VU-SERIF" "DejaVu Serif" "DEVANAGARI MT" "Devanagari MT" "DEVANAGARIMT" "Devanagari MT" "DEVANAGARI_MT" "Devanagari MT" "DEVANAGARI-MT" "Devanagari MT" "DEVANAGARI SANGAM MN" "Devanagari Sangam MN" "DEVANAGARISANGAMMN" "Devanagari Sangam MN" "DEVANAGARI_SANGAM_MN" "Devanagari Sangam MN" "DEVANAGARI-SANGAM-MN" "Devanagari Sangam MN" "DIDOT" "Didot" "DIWAN KUFI" "Diwan Kufi" "DIWANKUFI" "Diwan Kufi" "DIWAN_KUFI" "Diwan Kufi" "DIWAN-KUFI" "Diwan Kufi" "DIWAN THULUTH" "Diwan Thuluth" "DIWANTHULUTH" "Diwan Thuluth" "DIWAN_THULUTH" "Diwan Thuluth" "DIWAN-THULUTH" "Diwan Thuluth" "EUPHEMIA UCAS" "Euphemia UCAS" "EUPHEMIAUCAS" "Euphemia UCAS" "EUPHEMIA_UCAS" "Euphemia UCAS" "EUPHEMIA-UCAS" "Euphemia UCAS" "FARAH" "Farah" "FARISI" "Farisi" "FETISH" "Fetish" "FUTURA" "Futura" "GB18030 BITMAP" "GB18030 Bitmap" "GB18030BITMAP" "GB18030 Bitmap" "GB18030_BITMAP" "GB18030 Bitmap" "GB18030-BITMAP" "GB18030 Bitmap" "GEEZA PRO" "Geeza Pro" "GEEZAPRO" "Geeza Pro" "GEEZA_PRO" "Geeza Pro" "GEEZA-PRO" "Geeza Pro" "GENEVA" "Geneva" "GEORGIA" "Georgia" "GILL SANS" "Gill Sans" "GILLSANS" "Gill Sans" "GILL_SANS" "Gill Sans" "GILL-SANS" "Gill Sans" "GOTHAM" "Gotham" "GOTHAM CONDENSED" "Gotham Condensed" "GOTHAMCONDENSED" "Gotham Condensed" "GOTHAM_CONDENSED" "Gotham Condensed" "GOTHAM-CONDENSED" "Gotham Condensed" "GOTHAM NARROW" "Gotham Narrow" "GOTHAMNARROW" "Gotham Narrow" "GOTHAM_NARROW" "Gotham Narrow" "GOTHAM-NARROW" "Gotham Narrow" "GOTHAM ROUNDED" "Gotham Rounded" "GOTHAMROUNDED" "Gotham Rounded" "GOTHAM_ROUNDED" "Gotham Rounded" "GOTHAM-ROUNDED" "Gotham Rounded" "GOTHAM XNARROW" "Gotham XNarrow" "GOTHAMXNARROW" "Gotham XNarrow" "GOTHAM_XNARROW" "Gotham XNarrow" "GOTHAM-XNARROW" "Gotham XNarrow" "GUJARATI MT" "Gujarati MT" "GUJARATIMT" "Gujarati MT" "GUJARATI_MT" "Gujarati MT" "GUJARATI-MT" "Gujarati MT" "GUJARATI SANGAM MN" "Gujarati Sangam MN" "GUJARATISANGAMMN" "Gujarati Sangam MN" "GUJARATI_SANGAM_MN" "Gujarati Sangam MN" "GUJARATI-SANGAM-MN" "Gujarati Sangam MN" "GUNGSEO" "GungSeo" "GUNG SEO" "GungSeo" "GUNG_SEO" "GungSeo" "GUNG-SEO" "GungSeo" "GURMUKHI MN" "Gurmukhi MN" "GURMUKHIMN" "Gurmukhi MN" "GURMUKHI_MN" "Gurmukhi MN" "GURMUKHI-MN" "Gurmukhi MN" "GURMUKHI MT" "Gurmukhi MT" "GURMUKHIMT" "Gurmukhi MT" "GURMUKHI_MT" "Gurmukhi MT" "GURMUKHI-MT" "Gurmukhi MT" "GURMUKHI SANGAM MN" "Gurmukhi Sangam MN" "GURMUKHISANGAMMN" "Gurmukhi Sangam MN" "GURMUKHI_SANGAM_MN" "Gurmukhi Sangam MN" "GURMUKHI-SANGAM-MN" "Gurmukhi Sangam MN" "HACK" "Hack" "HANNOTATE SC" "Hannotate SC" "HANNOTATESC" "Hannotate SC" "HANNOTATE_SC" "Hannotate SC" "HANNOTATE-SC" "Hannotate SC" "HANNOTATE TC" "Hannotate TC" "HANNOTATETC" "Hannotate TC" "HANNOTATE_TC" "Hannotate TC" "HANNOTATE-TC" "Hannotate TC" "HANZIPEN SC" "HanziPen SC" "HANZIPENSC" "HanziPen SC" "HANZIPEN_SC" "HanziPen SC" "HANZIPEN-SC" "HanziPen SC" "HANZI PEN SC" "HanziPen SC" "HANZI_PEN_SC" "HanziPen SC" "HANZI-PEN-SC" "HanziPen SC" "HANZIPEN TC" "HanziPen TC" "HANZIPENTC" "HanziPen TC" "HANZIPEN_TC" "HanziPen TC" "HANZIPEN-TC" "HanziPen TC" "HANZI PEN TC" "HanziPen TC" "HANZI_PEN_TC" "HanziPen TC" "HANZI-PEN-TC" "HanziPen TC" "HEADLINEA" "HeadLineA" "HEAD LINE A" "HeadLineA" "HEAD_LINE_A" "HeadLineA" "HEAD-LINE-A" "HeadLineA" "HEITI SC" "Heiti SC" "HEITISC" "Heiti SC" "HEITI_SC" "Heiti SC" "HEITI-SC" "Heiti SC" "HEITI TC" "Heiti TC" "HEITITC" "Heiti TC" "HEITI_TC" "Heiti TC" "HEITI-TC" "Heiti TC" "HELVETICA" "Helvetica" "HELVETICA NEUE" "Helvetica Neue" "HELVETICANEUE" "Helvetica Neue" "HELVETICA_NEUE" "Helvetica Neue" "HELVETICA-NEUE" "Helvetica Neue" "HERCULANUM" "Herculanum" "HIRAGINO KAKU GOTHIC PRO" "Hiragino Kaku Gothic Pro" "HIRAGINOKAKUGOTHICPRO" "Hiragino Kaku Gothic Pro" "HIRAGINO_KAKU_GOTHIC_PRO" "Hiragino Kaku Gothic Pro" "HIRAGINO-KAKU-GOTHIC-PRO" "Hiragino Kaku Gothic Pro" "HIRAGINO KAKU GOTHIC PRON" "Hiragino Kaku Gothic ProN" "HIRAGINOKAKUGOTHICPRON" "Hiragino Kaku Gothic ProN" "HIRAGINO_KAKU_GOTHIC_PRON" "Hiragino Kaku Gothic ProN" "HIRAGINO-KAKU-GOTHIC-PRON" "Hiragino Kaku Gothic ProN" "HIRAGINO KAKU GOTHIC PRO N" "Hiragino Kaku Gothic ProN" "HIRAGINO_KAKU_GOTHIC_PRO_N" "Hiragino Kaku Gothic ProN" "HIRAGINO-KAKU-GOTHIC-PRO-N" "Hiragino Kaku Gothic ProN" "HIRAGINO KAKU GOTHIC STD" "Hiragino Kaku Gothic Std" "HIRAGINOKAKUGOTHICSTD" "Hiragino Kaku Gothic Std" "HIRAGINO_KAKU_GOTHIC_STD" "Hiragino Kaku Gothic Std" "HIRAGINO-KAKU-GOTHIC-STD" "Hiragino Kaku Gothic Std" "HIRAGINO KAKU GOTHIC STDN" "Hiragino Kaku Gothic StdN" "HIRAGINOKAKUGOTHICSTDN" "Hiragino Kaku Gothic StdN" "HIRAGINO_KAKU_GOTHIC_STDN" "Hiragino Kaku Gothic StdN" "HIRAGINO-KAKU-GOTHIC-STDN" "Hiragino Kaku Gothic StdN" "HIRAGINO KAKU GOTHIC STD N" "Hiragino Kaku Gothic StdN" "HIRAGINO_KAKU_GOTHIC_STD_N" "Hiragino Kaku Gothic StdN" "HIRAGINO-KAKU-GOTHIC-STD-N" "Hiragino Kaku Gothic StdN" "HIRAGINO MARU GOTHIC PRO" "Hiragino Maru Gothic Pro" "HIRAGINOMARUGOTHICPRO" "Hiragino Maru Gothic Pro" "HIRAGINO_MARU_GOTHIC_PRO" "Hiragino Maru Gothic Pro" "HIRAGINO-MARU-GOTHIC-PRO" "Hiragino Maru Gothic Pro" "HIRAGINO MARU GOTHIC PRON" "Hiragino Maru Gothic ProN" "HIRAGINOMARUGOTHICPRON" "Hiragino Maru Gothic ProN" "HIRAGINO_MARU_GOTHIC_PRON" "Hiragino Maru Gothic ProN" "HIRAGINO-MARU-GOTHIC-PRON" "Hiragino Maru Gothic ProN" "HIRAGINO MARU GOTHIC PRO N" "Hiragino Maru Gothic ProN" "HIRAGINO_MARU_GOTHIC_PRO_N" "Hiragino Maru Gothic ProN" "HIRAGINO-MARU-GOTHIC-PRO-N" "Hiragino Maru Gothic ProN" "HIRAGINO MINCHO PRO" "Hiragino Mincho Pro" "HIRAGINOMINCHOPRO" "Hiragino Mincho Pro" "HIRAGINO_MINCHO_PRO" "Hiragino Mincho Pro" "HIRAGINO-MINCHO-PRO" "Hiragino Mincho Pro" "HIRAGINO MINCHO PRON" "Hiragino Mincho ProN" "HIRAGINOMINCHOPRON" "Hiragino Mincho ProN" "HIRAGINO_MINCHO_PRON" "Hiragino Mincho ProN" "HIRAGINO-MINCHO-PRON" "Hiragino Mincho ProN" "HIRAGINO MINCHO PRO N" "Hiragino Mincho ProN" "HIRAGINO_MINCHO_PRO_N" "Hiragino Mincho ProN" "HIRAGINO-MINCHO-PRO-N" "Hiragino Mincho ProN" "HIRAGINO SANS" "Hiragino Sans" "HIRAGINOSANS" "Hiragino Sans" "HIRAGINO_SANS" "Hiragino Sans" "HIRAGINO-SANS" "Hiragino Sans" "HIRAGINO SANS GB" "Hiragino Sans GB" "HIRAGINOSANSGB" "Hiragino Sans GB" "HIRAGINO_SANS_GB" "Hiragino Sans GB" "HIRAGINO-SANS-GB" "Hiragino Sans GB" "HOEFLER TEXT" "Hoefler Text" "HOEFLERTEXT" "Hoefler Text" "HOEFLER_TEXT" "Hoefler Text" "HOEFLER-TEXT" "Hoefler Text" "ITF DEVANAGARI" "ITF Devanagari" "ITFDEVANAGARI" "ITF Devanagari" "ITF_DEVANAGARI" "ITF Devanagari" "ITF-DEVANAGARI" "ITF Devanagari" "ITF DEVANAGARI MARATHI" "ITF Devanagari Marathi" "ITFDEVANAGARIMARATHI" "ITF Devanagari Marathi" "ITF_DEVANAGARI_MARATHI" "ITF Devanagari Marathi" "ITF-DEVANAGARI-MARATHI" "ITF Devanagari Marathi" "IDEAL SANS" "Ideal Sans" "IDEALSANS" "Ideal Sans" "IDEAL_SANS" "Ideal Sans" "IDEAL-SANS" "Ideal Sans" "IMPACT" "Impact" "INAIMATHI" "InaiMathi" "INAI MATHI" "InaiMathi" "INAI_MATHI" "InaiMathi" "INAI-MATHI" "InaiMathi" "INCONSOLATA" "Inconsolata" "IOWAN OLD STYLE" "Iowan Old Style" "IOWANOLDSTYLE" "Iowan Old Style" "IOWAN_OLD_STYLE" "Iowan Old Style" "IOWAN-OLD-STYLE" "Iowan Old Style" "KAILASA" "Kailasa" "KAITI SC" "Kaiti SC" "KAITISC" "Kaiti SC" "KAITI_SC" "Kaiti SC" "KAITI-SC" "Kaiti SC" "KAITI TC" "Kaiti TC" "KAITITC" "Kaiti TC" "KAITI_TC" "Kaiti TC" "KAITI-TC" "Kaiti TC" "KANNADA MN" "Kannada MN" "KANNADAMN" "Kannada MN" "KANNADA_MN" "Kannada MN" "KANNADA-MN" "Kannada MN" "KANNADA SANGAM MN" "Kannada Sangam MN" "KANNADASANGAMMN" "Kannada Sangam MN" "KANNADA_SANGAM_MN" "Kannada Sangam MN" "KANNADA-SANGAM-MN" "Kannada Sangam MN" "KEFA" "Kefa" "KHMER MN" "Khmer MN" "KHMERMN" "Khmer MN" "KHMER_MN" "Khmer MN" "KHMER-MN" "Khmer MN" "KHMER SANGAM MN" "Khmer Sangam MN" "KHMERSANGAMMN" "Khmer Sangam MN" "KHMER_SANGAM_MN" "Khmer Sangam MN" "KHMER-SANGAM-MN" "Khmer Sangam MN" "KLEE" "Klee" "KNOCKOUT" "Knockout" "KNOX" "Knox" "KOHINOOR BANGLA" "Kohinoor Bangla" "KOHINOORBANGLA" "Kohinoor Bangla" "KOHINOOR_BANGLA" "Kohinoor Bangla" "KOHINOOR-BANGLA" "Kohinoor Bangla" "KOHINOOR DEVANAGARI" "Kohinoor Devanagari" "KOHINOORDEVANAGARI" "Kohinoor Devanagari" "KOHINOOR_DEVANAGARI" "Kohinoor Devanagari" "KOHINOOR-DEVANAGARI" "Kohinoor Devanagari" "KOHINOOR TELUGU" "Kohinoor Telugu" "KOHINOORTELUGU" "Kohinoor Telugu" "KOHINOOR_TELUGU" "Kohinoor Telugu" "KOHINOOR-TELUGU" "Kohinoor Telugu" "KOKONOR" "Kokonor" "KRUNGTHEP" "Krungthep" "KUFISTANDARDGK" "KufiStandardGK" "KUFI STANDARD GK" "KufiStandardGK" "KUFI_STANDARD_GK" "KufiStandardGK" "KUFI-STANDARD-GK" "KufiStandardGK" "LANTINGHEI SC" "Lantinghei SC" "LANTINGHEISC" "Lantinghei SC" "LANTINGHEI_SC" "Lantinghei SC" "LANTINGHEI-SC" "Lantinghei SC" "LANTINGHEI TC" "Lantinghei TC" "LANTINGHEITC" "Lantinghei TC" "LANTINGHEI_TC" "Lantinghei TC" "LANTINGHEI-TC" "Lantinghei TC" "LAO MN" "Lao MN" "LAOMN" "Lao MN" "LAO_MN" "Lao MN" "LAO-MN" "Lao MN" "LAO SANGAM MN" "Lao Sangam MN" "LAOSANGAMMN" "Lao Sangam MN" "LAO_SANGAM_MN" "Lao Sangam MN" "LAO-SANGAM-MN" "Lao Sangam MN" "LEVIATHAN" "Leviathan" "LIHEI PRO" "LiHei Pro" "LIHEIPRO" "LiHei Pro" "LIHEI_PRO" "LiHei Pro" "LIHEI-PRO" "LiHei Pro" "LI HEI PRO" "LiHei Pro" "LI_HEI_PRO" "LiHei Pro" "LI-HEI-PRO" "LiHei Pro" "LISONG PRO" "LiSong Pro" "LISONGPRO" "LiSong Pro" "LISONG_PRO" "LiSong Pro" "LISONG-PRO" "LiSong Pro" "LI SONG PRO" "LiSong Pro" "LI_SONG_PRO" "LiSong Pro" "LI-SONG-PRO" "LiSong Pro" "LIBIAN SC" "Libian SC" "LIBIANSC" "Libian SC" "LIBIAN_SC" "Libian SC" "LIBIAN-SC" "Libian SC" "LUCIDA GRANDE" "Lucida Grande" "LUCIDAGRANDE" "Lucida Grande" "LUCIDA_GRANDE" "Lucida Grande" "LUCIDA-GRANDE" "Lucida Grande" "LUMINARI" "Luminari" "M+ 1C" "M+ 1c" "M+1C" "M+ 1c" "M+_1C" "M+ 1c" "M+-1C" "M+ 1c" "M+ 1M" "M+ 1m" "M+1M" "M+ 1m" "M+_1M" "M+ 1m" "M+-1M" "M+ 1m" "M+ 1MN" "M+ 1mn" "M+1MN" "M+ 1mn" "M+_1MN" "M+ 1mn" "M+-1MN" "M+ 1mn" "M+ 1P" "M+ 1p" "M+1P" "M+ 1p" "M+_1P" "M+ 1p" "M+-1P" "M+ 1p" "M+ 2C" "M+ 2c" "M+2C" "M+ 2c" "M+_2C" "M+ 2c" "M+-2C" "M+ 2c" "M+ 2M" "M+ 2m" "M+2M" "M+ 2m" "M+_2M" "M+ 2m" "M+-2M" "M+ 2m" "M+ 2P" "M+ 2p" "M+2P" "M+ 2p" "M+_2P" "M+ 2p" "M+-2P" "M+ 2p" "MALAYALAM MN" "Malayalam MN" "MALAYALAMMN" "Malayalam MN" "MALAYALAM_MN" "Malayalam MN" "MALAYALAM-MN" "Malayalam MN" "MALAYALAM SANGAM MN" "Malayalam Sangam MN" "MALAYALAMSANGAMMN" "Malayalam Sangam MN" "MALAYALAM_SANGAM_MN" "Malayalam Sangam MN" "MALAYALAM-SANGAM-MN" "Malayalam Sangam MN" "MARION" "Marion" "MARKER FELT" "Marker Felt" "MARKERFELT" "Marker Felt" "MARKER_FELT" "Marker Felt" "MARKER-FELT" "Marker Felt" "MENLO" "Menlo" "MICROSOFT SANS SERIF" "Microsoft Sans Serif" "MICROSOFTSANSSERIF" "Microsoft Sans Serif" "MICROSOFT_SANS_SERIF" "Microsoft Sans Serif" "MICROSOFT-SANS-SERIF" "Microsoft Sans Serif" "MISHAFI" "Mishafi" "MISHAFI GOLD" "Mishafi Gold" "MISHAFIGOLD" "Mishafi Gold" "MISHAFI_GOLD" "Mishafi Gold" "MISHAFI-GOLD" "Mishafi Gold" "MONACO" "Monaco" "MONACOB" "MonacoB" "MONACO B" "MonacoB" "MONACO_B" "MonacoB" "MONACO-B" "MonacoB" "MSHTAKAN" "Mshtakan" "MUNA" "Muna" "MYANMAR MN" "Myanmar MN" "MYANMARMN" "Myanmar MN" "MYANMAR_MN" "Myanmar MN" "MYANMAR-MN" "Myanmar MN" "MYANMAR SANGAM MN" "Myanmar Sangam MN" "MYANMARSANGAMMN" "Myanmar Sangam MN" "MYANMAR_SANGAM_MN" "Myanmar Sangam MN" "MYANMAR-SANGAM-MN" "Myanmar Sangam MN" "NADEEM" "Nadeem" "NANUM BRUSH SCRIPT" "Nanum Brush Script" "NANUMBRUSHSCRIPT" "Nanum Brush Script" "NANUM_BRUSH_SCRIPT" "Nanum Brush Script" "NANUM-BRUSH-SCRIPT" "Nanum Brush Script" "NANUM GOTHIC" "Nanum Gothic" "NANUMGOTHIC" "Nanum Gothic" "NANUM_GOTHIC" "Nanum Gothic" "NANUM-GOTHIC" "Nanum Gothic" "NANUM MYEONGJO" "Nanum Myeongjo" "NANUMMYEONGJO" "Nanum Myeongjo" "NANUM_MYEONGJO" "Nanum Myeongjo" "NANUM-MYEONGJO" "Nanum Myeongjo" "NANUM PEN SCRIPT" "Nanum Pen Script" "NANUMPENSCRIPT" "Nanum Pen Script" "NANUM_PEN_SCRIPT" "Nanum Pen Script" "NANUM-PEN-SCRIPT" "Nanum Pen Script" "NEW PENINIM MT" "New Peninim MT" "NEWPENINIMMT" "New Peninim MT" "NEW_PENINIM_MT" "New Peninim MT" "NEW-PENINIM-MT" "New Peninim MT" "NOTEWORTHY" "Noteworthy" "ODEONCONDENSEDALTERNATE" "OdeonCondensedAlternate" "ODEON CONDENSED ALTERNATE" "OdeonCondensedAlternate" "ODEON_CONDENSED_ALTERNATE" "OdeonCondensedAlternate" "ODEON-CONDENSED-ALTERNATE" "OdeonCondensedAlternate" "ODEONCONDENSEDREGULAR" "OdeonCondensedRegular" "ODEON CONDENSED REGULAR" "OdeonCondensedRegular" "ODEON_CONDENSED_REGULAR" "OdeonCondensedRegular" "ODEON-CONDENSED-REGULAR" "OdeonCondensedRegular" "OFFICE CODE PRO" "Office Code Pro" "OFFICECODEPRO" "Office Code Pro" "OFFICE_CODE_PRO" "Office Code Pro" "OFFICE-CODE-PRO" "Office Code Pro" "OFFICE CODE PRO D" "Office Code Pro D" "OFFICECODEPROD" "Office Code Pro D" "OFFICE_CODE_PRO_D" "Office Code Pro D" "OFFICE-CODE-PRO-D" "Office Code Pro D" "OPEN SANS" "Open Sans" "OPENSANS" "Open Sans" "OPEN_SANS" "Open Sans" "OPEN-SANS" "Open Sans" "OPERATOR MONO" "Operator Mono" "OPERATORMONO" "Operator Mono" "OPERATOR_MONO" "Operator Mono" "OPERATOR-MONO" "Operator Mono" "OPERATOR SSM" "Operator SSm" "OPERATORSSM" "Operator SSm" "OPERATOR_SSM" "Operator SSm" "OPERATOR-SSM" "Operator SSm" "OPTIMA" "Optima" "ORIYA MN" "Oriya MN" "ORIYAMN" "Oriya MN" "ORIYA_MN" "Oriya MN" "ORIYA-MN" "Oriya MN" "ORIYA SANGAM MN" "Oriya Sangam MN" "ORIYASANGAMMN" "Oriya Sangam MN" "ORIYA_SANGAM_MN" "Oriya Sangam MN" "ORIYA-SANGAM-MN" "Oriya Sangam MN" "OSAKA" "Osaka" "PCMYUNGJO" "PCMyungjo" "PT MONO" "PT Mono" "PTMONO" "PT Mono" "PT_MONO" "PT Mono" "PT-MONO" "PT Mono" "PT SANS" "PT Sans" "PTSANS" "PT Sans" "PT_SANS" "PT Sans" "PT-SANS" "PT Sans" "PT SANS CAPTION" "PT Sans Caption" "PTSANSCAPTION" "PT Sans Caption" "PT_SANS_CAPTION" "PT Sans Caption" "PT-SANS-CAPTION" "PT Sans Caption" "PT SANS NARROW" "PT Sans Narrow" "PTSANSNARROW" "PT Sans Narrow" "PT_SANS_NARROW" "PT Sans Narrow" "PT-SANS-NARROW" "PT Sans Narrow" "PT SERIF" "PT Serif" "PTSERIF" "PT Serif" "PT_SERIF" "PT Serif" "PT-SERIF" "PT Serif" "PT SERIF CAPTION" "PT Serif Caption" "PTSERIFCAPTION" "PT Serif Caption" "PT_SERIF_CAPTION" "PT Serif Caption" "PT-SERIF-CAPTION" "PT Serif Caption" "PALATINO" "Palatino" "PAPYRUS" "Papyrus" "PHOSPHATE" "Phosphate" "PILGI" "PilGi" "PIL GI" "PilGi" "PIL_GI" "PilGi" "PIL-GI" "PilGi" "PINGFANG HK" "PingFang HK" "PINGFANGHK" "PingFang HK" "PINGFANG_HK" "PingFang HK" "PINGFANG-HK" "PingFang HK" "PING FANG HK" "PingFang HK" "PING_FANG_HK" "PingFang HK" "PING-FANG-HK" "PingFang HK" "PINGFANG SC" "PingFang SC" "PINGFANGSC" "PingFang SC" "PINGFANG_SC" "PingFang SC" "PINGFANG-SC" "PingFang SC" "PING FANG SC" "PingFang SC" "PING_FANG_SC" "PingFang SC" "PING-FANG-SC" "PingFang SC" "PINGFANG TC" "PingFang TC" "PINGFANGTC" "PingFang TC" "PINGFANG_TC" "PingFang TC" "PINGFANG-TC" "PingFang TC" "PING FANG TC" "PingFang TC" "PING_FANG_TC" "PingFang TC" "PING-FANG-TC" "PingFang TC" "PLANTAGENET CHEROKEE" "Plantagenet Cherokee" "PLANTAGENETCHEROKEE" "Plantagenet Cherokee" "PLANTAGENET_CHEROKEE" "Plantagenet Cherokee" "PLANTAGENET-CHEROKEE" "Plantagenet Cherokee" "RAANANA" "Raanana" "ROBOTO MONO" "Roboto Mono" "ROBOTOMONO" "Roboto Mono" "ROBOTO_MONO" "Roboto Mono" "ROBOTO-MONO" "Roboto Mono" "SF UI DISPLAY" "SF UI Display" "SFUIDISPLAY" "SF UI Display" "SF_UI_DISPLAY" "SF UI Display" "SF-UI-DISPLAY" "SF UI Display" "SF UI TEXT" "SF UI Text" "SFUITEXT" "SF UI Text" "SF_UI_TEXT" "SF UI Text" "SF-UI-TEXT" "SF UI Text" "STFANGSONG" "STFangsong" "STHEITI" "STHeiti" "STIXGENERAL" "STIXGeneral" "STIXINTEGRALSD" "STIXIntegralsD" "STIXINTEGRALS D" "STIXIntegralsD" "STIXINTEGRALS_D" "STIXIntegralsD" "STIXINTEGRALS-D" "STIXIntegralsD" "STIXINTEGRALSSM" "STIXIntegralsSm" "STIXINTEGRALS SM" "STIXIntegralsSm" "STIXINTEGRALS_SM" "STIXIntegralsSm" "STIXINTEGRALS-SM" "STIXIntegralsSm" "STIXINTEGRALSUP" "STIXIntegralsUp" "STIXINTEGRALS UP" "STIXIntegralsUp" "STIXINTEGRALS_UP" "STIXIntegralsUp" "STIXINTEGRALS-UP" "STIXIntegralsUp" "STIXINTEGRALSUPD" "STIXIntegralsUpD" "STIXINTEGRALS UP D" "STIXIntegralsUpD" "STIXINTEGRALS_UP_D" "STIXIntegralsUpD" "STIXINTEGRALS-UP-D" "STIXIntegralsUpD" "STIXINTEGRALSUPSM" "STIXIntegralsUpSm" "STIXINTEGRALS UP SM" "STIXIntegralsUpSm" "STIXINTEGRALS_UP_SM" "STIXIntegralsUpSm" "STIXINTEGRALS-UP-SM" "STIXIntegralsUpSm" "STIXNONUNICODE" "STIXNonUnicode" "STIXNON UNICODE" "STIXNonUnicode" "STIXNON_UNICODE" "STIXNonUnicode" "STIXNON-UNICODE" "STIXNonUnicode" "STIXSIZEFIVESYM" "STIXSizeFiveSym" "STIXSIZE FIVE SYM" "STIXSizeFiveSym" "STIXSIZE_FIVE_SYM" "STIXSizeFiveSym" "STIXSIZE-FIVE-SYM" "STIXSizeFiveSym" "STIXSIZEFOURSYM" "STIXSizeFourSym" "STIXSIZE FOUR SYM" "STIXSizeFourSym" "STIXSIZE_FOUR_SYM" "STIXSizeFourSym" "STIXSIZE-FOUR-SYM" "STIXSizeFourSym" "STIXSIZEONESYM" "STIXSizeOneSym" "STIXSIZE ONE SYM" "STIXSizeOneSym" "STIXSIZE_ONE_SYM" "STIXSizeOneSym" "STIXSIZE-ONE-SYM" "STIXSizeOneSym" "STIXSIZETHREESYM" "STIXSizeThreeSym" "STIXSIZE THREE SYM" "STIXSizeThreeSym" "STIXSIZE_THREE_SYM" "STIXSizeThreeSym" "STIXSIZE-THREE-SYM" "STIXSizeThreeSym" "STIXSIZETWOSYM" "STIXSizeTwoSym" "STIXSIZE TWO SYM" "STIXSizeTwoSym" "STIXSIZE_TWO_SYM" "STIXSizeTwoSym" "STIXSIZE-TWO-SYM" "STIXSizeTwoSym" "STIXVARIANTS" "STIXVariants" "STKAITI" "STKaiti" "STSONG" "STSong" "SANA" "Sana" "SATHU" "Sathu" "SAVOYE LET" "Savoye LET" "SAVOYELET" "Savoye LET" "SAVOYE_LET" "Savoye LET" "SAVOYE-LET" "Savoye LET" "SERAVEK" "Seravek" "SHREE DEVANAGARI 714" "Shree Devanagari 714" "SHREEDEVANAGARI714" "Shree Devanagari 714" "SHREE_DEVANAGARI_714" "Shree Devanagari 714" "SHREE-DEVANAGARI-714" "Shree Devanagari 714" "SIGNPAINTER" "SignPainter" "SIGN PAINTER" "SignPainter" "SIGN_PAINTER" "SignPainter" "SIGN-PAINTER" "SignPainter" "SILOM" "Silom" "SINHALA MN" "Sinhala MN" "SINHALAMN" "Sinhala MN" "SINHALA_MN" "Sinhala MN" "SINHALA-MN" "Sinhala MN" "SINHALA SANGAM MN" "Sinhala Sangam MN" "SINHALASANGAMMN" "Sinhala Sangam MN" "SINHALA_SANGAM_MN" "Sinhala Sangam MN" "SINHALA-SANGAM-MN" "Sinhala Sangam MN" "SKIA" "Skia" "SNELL ROUNDHAND" "Snell Roundhand" "SNELLROUNDHAND" "Snell Roundhand" "SNELL_ROUNDHAND" "Snell Roundhand" "SNELL-ROUNDHAND" "Snell Roundhand" "SONGTI SC" "Songti SC" "SONGTISC" "Songti SC" "SONGTI_SC" "Songti SC" "SONGTI-SC" "Songti SC" "SONGTI TC" "Songti TC" "SONGTITC" "Songti TC" "SONGTI_TC" "Songti TC" "SONGTI-TC" "Songti TC" "SOURCE CODE PRO FOR POWERLINE" "Source Code Pro for Powerline" "SOURCECODEPROFORPOWERLINE" "Source Code Pro for Powerline" "SOURCE_CODE_PRO_FOR_POWERLINE" "Source Code Pro for Powerline" "SOURCE-CODE-PRO-FOR-POWERLINE" "Source Code Pro for Powerline" "SUKHUMVIT SET" "Sukhumvit Set" "SUKHUMVITSET" "Sukhumvit Set" "SUKHUMVIT_SET" "Sukhumvit Set" "SUKHUMVIT-SET" "Sukhumvit Set" "SUPERCLARENDON" "Superclarendon" "SYMBOL" "Symbol" "TAHOMA" "Tahoma" "TAMIL MN" "Tamil MN" "TAMILMN" "Tamil MN" "TAMIL_MN" "Tamil MN" "TAMIL-MN" "Tamil MN" "TAMIL SANGAM MN" "Tamil Sangam MN" "TAMILSANGAMMN" "Tamil Sangam MN" "TAMIL_SANGAM_MN" "Tamil Sangam MN" "TAMIL-SANGAM-MN" "Tamil Sangam MN" "TELUGU MN" "Telugu MN" "TELUGUMN" "Telugu MN" "TELUGU_MN" "Telugu MN" "TELUGU-MN" "Telugu MN" "TELUGU SANGAM MN" "Telugu Sangam MN" "TELUGUSANGAMMN" "Telugu Sangam MN" "TELUGU_SANGAM_MN" "Telugu Sangam MN" "TELUGU-SANGAM-MN" "Telugu Sangam MN" "THESANS TYPEWRITER" "TheSans Typewriter" "THESANSTYPEWRITER" "TheSans Typewriter" "THESANS_TYPEWRITER" "TheSans Typewriter" "THESANS-TYPEWRITER" "TheSans Typewriter" "THE SANS TYPEWRITER" "TheSans Typewriter" "THE_SANS_TYPEWRITER" "TheSans Typewriter" "THE-SANS-TYPEWRITER" "TheSans Typewriter" "THESANSMONO" "TheSansMono" "THE SANS MONO" "TheSansMono" "THE_SANS_MONO" "TheSansMono" "THE-SANS-MONO" "TheSansMono" "THESANSMONO-" "TheSansMono-" "THE SANS MONO-" "TheSansMono-" "THE_SANS_MONO-" "TheSansMono-" "THE-SANS-MONO-" "TheSansMono-" "THONBURI" "Thonburi" "TIMES" "Times" "TIMES NEW ROMAN" "Times New Roman" "TIMESNEWROMAN" "Times New Roman" "TIMES_NEW_ROMAN" "Times New Roman" "TIMES-NEW-ROMAN" "Times New Roman" "TRATTATELLO" "Trattatello" "TREBUCHET MS" "Trebuchet MS" "TREBUCHETMS" "Trebuchet MS" "TREBUCHET_MS" "Trebuchet MS" "TREBUCHET-MS" "Trebuchet MS" "TSUKUSHI A ROUND GOTHIC" "Tsukushi A Round Gothic" "TSUKUSHIAROUNDGOTHIC" "Tsukushi A Round Gothic" "TSUKUSHI_A_ROUND_GOTHIC" "Tsukushi A Round Gothic" "TSUKUSHI-A-ROUND-GOTHIC" "Tsukushi A Round Gothic" "TSUKUSHI B ROUND GOTHIC" "Tsukushi B Round Gothic" "TSUKUSHIBROUNDGOTHIC" "Tsukushi B Round Gothic" "TSUKUSHI_B_ROUND_GOTHIC" "Tsukushi B Round Gothic" "TSUKUSHI-B-ROUND-GOTHIC" "Tsukushi B Round Gothic" "UBUNTU" "Ubuntu" "UBUNTU CONDENSED" "Ubuntu Condensed" "UBUNTUCONDENSED" "Ubuntu Condensed" "UBUNTU_CONDENSED" "Ubuntu Condensed" "UBUNTU-CONDENSED" "Ubuntu Condensed" "UBUNTU MONO" "Ubuntu Mono" "UBUNTUMONO" "Ubuntu Mono" "UBUNTU_MONO" "Ubuntu Mono" "UBUNTU-MONO" "Ubuntu Mono" "VERDANA" "Verdana" "WASEEM" "Waseem" "WAWATI SC" "Wawati SC" "WAWATISC" "Wawati SC" "WAWATI_SC" "Wawati SC" "WAWATI-SC" "Wawati SC" "WAWATI TC" "Wawati TC" "WAWATITC" "Wawati TC" "WAWATI_TC" "Wawati TC" "WAWATI-TC" "Wawati TC" "WEBDINGS" "Webdings" "WEIBEI SC" "Weibei SC" "WEIBEISC" "Weibei SC" "WEIBEI_SC" "Weibei SC" "WEIBEI-SC" "Weibei SC" "WEIBEI TC" "Weibei TC" "WEIBEITC" "Weibei TC" "WEIBEI_TC" "Weibei TC" "WEIBEI-TC" "Weibei TC" "WHITNEY" "Whitney" "WINGDINGS" "Wingdings" "WINGDINGS 2" "Wingdings 2" "WINGDINGS2" "Wingdings 2" "WINGDINGS_2" "Wingdings 2" "WINGDINGS-2" "Wingdings 2" "WINGDINGS 3" "Wingdings 3" "WINGDINGS3" "Wingdings 3" "WINGDINGS_3" "Wingdings 3" "WINGDINGS-3" "Wingdings 3" "WOODTYPE" "Woodtype" "WOODTYPE-HTF-GOTHICEXTENDED" "Woodtype-HTF-GothicExtended" "WOODTYPE-HTF-GOTHIC EXTENDED" "Woodtype-HTF-GothicExtended" "WOODTYPE-HTF-GOTHIC_EXTENDED" "Woodtype-HTF-GothicExtended" "WOODTYPE-HTF-GOTHIC-EXTENDED" "Woodtype-HTF-GothicExtended" "WOODTYPEANTIQUEXXXCOND" "WoodtypeAntiqueXXXCond" "WOODTYPE ANTIQUE XXXCOND" "WoodtypeAntiqueXXXCond" "WOODTYPE_ANTIQUE_XXXCOND" "WoodtypeAntiqueXXXCond" "WOODTYPE-ANTIQUE-XXXCOND" "WoodtypeAntiqueXXXCond" "WOODTYPEGOTHICEXTENDED" "WoodtypeGothicExtended" "WOODTYPE GOTHIC EXTENDED" "WoodtypeGothicExtended" "WOODTYPE_GOTHIC_EXTENDED" "WoodtypeGothicExtended" "WOODTYPE-GOTHIC-EXTENDED" "WoodtypeGothicExtended" "XINGKAI SC" "Xingkai SC" "XINGKAISC" "Xingkai SC" "XINGKAI_SC" "Xingkai SC" "XINGKAI-SC" "Xingkai SC" "YUGOTHIC" "YuGothic" "YU GOTHIC" "YuGothic" "YU_GOTHIC" "YuGothic" "YU-GOTHIC" "YuGothic" "YUMINCHO" "YuMincho" "YU MINCHO" "YuMincho" "YU_MINCHO" "YuMincho" "YU-MINCHO" "YuMincho" "YUMINCHO +36P KANA" "YuMincho +36p Kana" "YUMINCHO+36PKANA" "YuMincho +36p Kana" "YUMINCHO_+36P_KANA" "YuMincho +36p Kana" "YUMINCHO-+36P-KANA" "YuMincho +36p Kana" "YU MINCHO +36P KANA" "YuMincho +36p Kana" "YU_MINCHO_+36P_KANA" "YuMincho +36p Kana" "YU-MINCHO-+36P-KANA" "YuMincho +36p Kana" "YUANTI SC" "Yuanti SC" "YUANTISC" "Yuanti SC" "YUANTI_SC" "Yuanti SC" "YUANTI-SC" "Yuanti SC" "YUANTI TC" "Yuanti TC" "YUANTITC" "Yuanti TC" "YUANTI_TC" "Yuanti TC" "YUANTI-TC" "Yuanti TC" "YUPPY SC" "Yuppy SC" "YUPPYSC" "Yuppy SC" "YUPPY_SC" "Yuppy SC" "YUPPY-SC" "Yuppy SC" "YUPPY TC" "Yuppy TC" "YUPPYTC" "Yuppy TC" "YUPPY_TC" "Yuppy TC" "YUPPY-TC" "Yuppy TC" "ZAPF DINGBATS" "Zapf Dingbats" "ZAPFDINGBATS" "Zapf Dingbats" "ZAPF_DINGBATS" "Zapf Dingbats" "ZAPF-DINGBATS" "Zapf Dingbats" "ZAPFINO" "Zapfino" "ZIGGURAT" "Ziggurat")) nil]))
  :timestamp 1467731770.624179)
